name,price,summary,short_description,description,last_modifiedd,distribution,general_characteristics
"Casa con 4 habitaciones con parking, piscina, calefacción y aire acondicionado en Murcia",450.000 €,"['160 m2', ' 4 hab.', '3 baños', '2.813 €/m2']","Casa con 4 habitaciones con parking, piscina, calefacción y aire acondicionado","ALQUILER CON OPCIÓN DE COMPRA: 10% SOBRE EL PRECIO DE VENTA A LA FIRMA DEL CONTRATO, SE DESCUENTA EL 100% DEL ALQUILER EL PRIMER AÑO MENOS LA COMUNIDAD DE PROPIETARIOS, MENOS EL IBI, SE PUEDE HACER LA OPCION DE COMPRA A DOS AÑOS.SI ALGO HEMOS APRENDIDO ES QUE EL HOGAR ES NUESTRO MEJOR REFUGIO Y SI TIENE ESPACIOS ABIERTOS Y ZONAS VERDES MUCHO MEJOR.Esta vivienda, situada en una de las calles más cercanas a la entrada/salida del residencial, se distribuye en entrada para vehículos, porche delantero con piscina y zona de recreo, barbacoa/ lavadero. En la primera planta nos encontramos el gran salón comedor, cocina, habitación, baño y despensa en hueco de escalera en su primera planta tres habitaciones y dos baños uno de ellos en habitación suite con vestidor y balcón con excelentes vistas.Suelo de marmol y parquet, puertas en wengüe, vestidor, zona de aparcamiento para dos coches, piscina privada con jaquzi, toldos, barbacoa, cesped artificial, pintura lisa, amplia cocina, 350 metros de parcelaEl residencial de zonas verdes con vigilancia privada 24h y estratégicamente construido dispone una tienda/cafetería en su misma entrada donde podrá comprar todo aquello que necesite al momento. Frente a Universidad Católica UCAM, parada de tranvía y autobuses, rodeada de dos pedanías de Murcia con todos los servicios necesarios para vivir sin desplazarse y muy importante el nudo de autovías principales inmediatos para los que nuestro tiempo es eficacia.Queremos darte un servicio integral, disponemos de toda clase de servicios y asesoramiento antes y después del alquiler para que solo tengan que elegirla y todos lo demás nos lo dejan a nosotros.Disfruta y ilusionarte del momento de adquirir la vivienda en alquiler.",,"4 habitaciones,Superficie 160 m,2 Baños,1 Aseo,Cocina tipo office ,Lavadero ","Calefacción ,Piscina propia ,Plaza parking ,Aire acondicionado ,Año construcción 2006,
                    ,
                        ,
                   
                "
Chalet con 3 habitaciones con parking y piscina en Murcia,750.000 €,"['314 m2', ' 3 hab.', '3 baños', '2.389 €/m2']",Chalet con 3 habitaciones con parking y piscina,"Parcela 800 m2 Superficie construida: 314 m2 Superficie útil: 290 m2 Parcela 650 m2 zona de aparcamiento de 64 m2 Planta principal: Amplio salón comedor de 64 m2, cocina amueblada 16 m2, distribuidor , 4, 85 m2 baño, piscina climatizada 95,50 m2 con baño, posibilidad de hacer un dormitorio Planta primera: 2 dormitorios dobles con armarios empotrados y baño incorporado, uno de ellos con mirador a la piscina Sótano - apartamento de de 1 dormitorio con baño y cocina, mas amplio salón de ocio o gimnasio con entrada independiente, sala de maquinas Garaje para 6 coches. Las calidades: persianas eléctricas, sistema aire acondicionado air zoone, grandes placas solares para ahorro energético climatización piscina Urbanización con todos los servicios, Universidad católica UCAM, vigilancia 24 h, parada del tranvía a 500 m, a 10 minutos en coche al centro de la ciudad, acceso a autovía a 900 m",,"3 habitaciones,Superficie 314 m,3 Baños,Cocina tipo office ,Trastero ","Piscina propia ,Plaza parking ,
                    ,
                        ,
                   
                "
Chalet bonito chalet con 1890 m2 de parcela en La Ñora en Murcia,670.000 €,"['300 m2', ' 5 hab.', '6 baños', '2.233 €/m2']",BONITO CHALET CON 1890 M2 DE PARCELA EN LA ÑORA,"Se vende este bonito chalet de 300 m2 en una parcela de 1890 m2 en La Ñora. La vivienda consta de un amplio salón comedor con chimenea, cocina independiente totalmente equipada, lavadero, despensa y 3 dormitorios en la planta principal, el dormitorio principal con baño en suite y vestidor. 2 dormitorios en la planta primera y un despacho de 54 m2. 4 baños, aseo, sótano de 300 m2 con capacidad para guardar 3 coches y trastero. Dispone de suelo gres rústico tratado, suelo radiante con apoyo de energía solar, depósito de agua, depósito de gasoil, hilo musical en toda la vivienda. En el exterior: un amplio jardín, terraza con pérgola, cocina de verano con barbacoa y horno, parque para niños, piscina privada muy amplia y porche de 90 m2 con toldo. *Impuestos, gastos de compra-venta y honorarios de agencia no incluidos en el precio de venta.",,"5 habitaciones,Superficie 300 m,Terraza 90 m,4 Baños,2 Aseos,Cocina tipo office ,Lavadero ,Trastero ","Calefacción ,Piscina propia ,Plaza parking ,Aire acondicionado ,
                    ,
                        ,
                   
                "
Chalet con 3 habitaciones con parking y piscina en Murcia,750.000 €,"['314 m2', ' 3 hab.', '3 baños', '2.389 €/m2']",Chalet con 3 habitaciones con parking y piscina,"Parcela 800 m2 Superficie construida: 314 m2 Superficie útil: 290 m2 Parcela 650 m2 zona de aparcamiento de 64 m2 Planta principal: Amplio salón comedor de 64 m2, cocina amueblada 16 m2, distribuidor , 4, 85 m2 baño, piscina climatizada 95,50 m2 con baño, posibilidad de hacer un dormitorio Planta primera: 2 dormitorios dobles con armarios empotrados y baño incorporado, uno de ellos con mirador a la piscina Sótano - apartamento de de 1 dormitorio con baño y cocina, mas amplio salón de ocio o gimnasio con entrada independiente, sala de maquinas Garaje para 6 coches. Las calidades: persianas eléctricas, sistema aire acondicionado air zoone, grandes placas solares para ahorro energético climatización piscina Urbanización con todos los servicios, Universidad católica UCAM, vigilancia 24 h, parada del tranvía a 500 m, a 10 minutos en coche al centro de la ciudad, acceso a autovía a 900 m",,"3 habitaciones,Superficie 314 m,3 Baños,Cocina tipo office ,Trastero ","Piscina propia ,Plaza parking ,
                    ,
                        ,
                   
                "
Chalet impresionante chalet independiente en el porton de los jerónimos en Murcia,700.000 €,"['320 m2', ' 3 hab.', '5 baños', '2.188 €/m2']",IMPRESIONANTE CHALET INDEPENDIENTE EN EL PORTON DE LOS JERÓNIMOS,"Ya NO tienes que pensar cómo hacerte la casa de tus SUEÑOS, está construida y en una de las urbanizaciones más exclusivas de Murcia. Tu hogar consta de casi 350 m2, dormitorios con balcones y cascada que desembocan en una preciosa piscina climatizada de agua salina, la cual puedes disfrutar en verano e invierno. Acceso desde la piscina a una excelente terraza y a un gran salón-comedor desde donde te puedes estar deleitando con una exquisita cena, un partido de fútbol o la última serie de moda al mismo tiempo que te das un baño para refrescarte o admiras las luces que embellecen el agua cristalina o la hermosa cascada. Desde la cocina tipo americana o terraza tendrán acceso tus invitados a los que podrás alojar en la parte baja de la casa para que dispongan de un salón-comedor de unos 30 m2, dormitorio, baño completo y cocina, solo para ellos. Tu hogar está domotizado, dispone de aire acondicionado y calefacción, descalcificadora, placas solares, etc. La zona de garaje tiene una capacidad para tres coches, a nivel planta sin subir o bajar escaleras. Todos los materiales son de extrema calidad, no se pueden describir. Te invitamos a que la veas y tu mismo juzgues y te convenzas que es la casa de tus SUEÑOS. *Impuestos, gastos de compra-venta y honorarios de agencia no incluidos en el precio de venta.",,"3 habitaciones,Superficie 320 m,5 Baños,Cocina tipo office ,Lavadero ,Trastero ","Calefacción ,Piscina propia ,Plaza parking ,Aire acondicionado ,
                    ,
                        ,
                   
                "
"Chalet con piscina, en el portón de los jerónimos en Murcia",650.000 €,"['245 m2', ' 5 hab.', '3 baños', '2.653 €/m2']","Chalet con piscina, en el Portón De Los Jerónimos","Corporación Inmobiliaria Murcia vende este magnífico chalet independiente en la exclusiva Urbanización de El Portón de los Jerónimos, con calidades de lujo. La vivienda consta de 245m2 distribuidos en dos plantas: Zona de día situada en la planta baja con amplio salón-comedor, preciosa cocina amueblada y totalmente equipada con electrodomésticos de la mejor calidad, un dormitorio y un baño completo. La planta de arriba dispone de 4 dormitorios muy luminosos y dos baños completos, uno de ellos en suite. Esta joya situada a pocos minutos del centro de la ciudad dispone de una parcela de 690m2 con piscina independiente, chiringuito ideal para celebraciones o fiestas, cocina exterior con barbacoa y una fabulosa zona chill-out donde disfrutar de un ambiente relajado. Además, cuenta con una bodega acristalada y completamente acondicionada para su uso. Todo esto rodeado de zonas ajardinadas provistas de césped artificial y alumbrado exterior. Dispone de garaje con capacidad para dos coches. Entre sus excepcionales calidades encontramos: alarma, video portero, aire acondicionado, calefacción, armarios empotrados en todos los dormitorios, puertas automáticas y puerta blindada. Entorno privilegiado, ideal para desconectar y a un paso del centro de Murcia. La población de La Ñora se encuentra muy cercana al campus universitario de la UCAM y de Espinardo, zona muy demandada por la tranquilidad y calidad de sus instalaciones, se encuentra muy bien comunicada con la capital mediante transporte público, a tan sólo unos minutos andando de la parada del tranvía y fácil acceso a la autovía.Corporación Inmobiliaria es una Agencia Inmobiliaria, especialista en la intermediación de compra-venta de inmuebles. Actualmente contamos con 8 Oficinas, tres de ellas en Murcia ciudad, Junterones, La Flota y San Bartolomé. Actualmente estamos implantados en Murcia capital, Lorca ciudad, Águilas, Costa de Orihuela y Costa de Almería además ponemos a su disposición una amplia cartera de viviendas de primera y segunda mano.",,"5 habitaciones,Superficie 245 m,3 Baños,Cocina tipo office ","Calefacción ,Piscina propia ,Plaza parking ,Aire acondicionado ,
                    ,
                        ,
                   
                "
Casa adosada en pleno centro de La Ñora en La Ñora Murcia,68.100 €,"['109 m2', ' 3 hab.', '1 baño', '625 €/m2']",CASA ADOSADA EN PLENO CENTRO DE LA ÑORA,"Si buscas una casa para reformar y hacerte la vivienda de tus sueños esta es tu casa.Se trata de una casa adosada de dos alturas en pleno centro de La Ñora, a dos minutos de la UCAM.Consta 109 metros cuadrados , distribuidos en hall, salón comedor, una amplia cocina con acceso directo a un gran patio, un gran baño con plato de ducha y un dormitorio en la planta baja.En la planta superior encontramos 2 dormitorios y una amplia terraza.Esta vivienda tiene muchísimas posibilidades de reforma , también seria ideal para montar cualquier negocio, porque su ubicación es ideal para ello.No cobramos honorarios al comprador, llámanos sin compromiso y HAZ TU OFERTA.No dudes en ponerte en contacto con nosotros. Visita sin compromiso, sin comisiones de intermediación. Más información rellenando el formulario de contacto o por teléfono.",,"3 habitaciones,Superficie 109 m,1 Baño","Año construcción 1920,
                    ,
                        ,
                   
                "
Chalet residencial en La Ñora Murcia,59.000 €,"['109 m2', ' 3 hab.', '1 baño', '541 €/m2']",Residencial en Murcia,"¿Quieres comprar casa/chalet de 3 habitaciones en Murcia de 109 metros cuadrados? Excelente oportunidad de adquirir en propiedad esta casa/chalet residencial con una superficie de 109 m² bien distribuidos en 3 habitaciones 1 cuarto de baño ubicado en la localidad de Murcia, provincia de Murcia. ¿Quieres más información? No dudes en ponerte en contacto con nosotros. Visita sin compromiso, sin comisiones de intermediación. Más información rellenando el formulario de contacto o por teléfono. Estaremos encantados de atenderte. Portal es una plataforma inmobiliaria donde podrás acceder a miles de activos inmobiliarios de diferentes tipos como viviendas, locales comerciales, terrenos, nueva obra... tanto a nivel particular como para inversores. Portal cuenta con una amplia cartera de activos inmuebles tanto en España como en Portugal y Grecia.",,"3 habitaciones,Superficie 109 m,1 Baño","Año construcción 1921,
                    ,
                        ,
                   
                "
"Chalet de diseño, junto a la universidad de los jerónimos, en Murcia",580.000 €,"['824 m2', ' 5 hab.', '5 baños', '704 €/m2']","Chalet de diseño, junto a la universidad de Los Jerónimos,","Chalet de diseño, junto a la universidad de Los Jerónimos. La vivienda está construida conformando dos espacios claramente definidos, el amplio y luminoso hall con doble altura y un patio andaluz da acceso a cada una de ellas., siendo la iluminación natural una de sus grandes virtudes: En uno de sus cuerpos se ubica la zona de día que consta de un extraordinario salón con chimenea a dos alturas (6mx12m), una amplia cocina (6mx6m) con despensa y sala de planchado, esta zona de día tiene acceso a un gran porche con vista al jardín y a la piscina, además, en la parte alta de este ""Ala"" se encuentra una zona de estudio/despacho muy inspiradora donde poder trabajar en casa, grandes y pequeños. En la otra parte de casa se ubican todos los dormitorios y baños exteriores, 3 de ellos en planta baja, todos ellos amplios además de tener acceso también a otras grandes terrazas de las cuales disfruta esta vivienda. Entre las calidades destacan sus carpinterías y cerramientos exteriores de alta calidad que consiguen el mejor aislamiento térmico y acústico, suelos radiantes dividido en 3 zonas ( Día, Noche y 1ª planta) cubriendo así toda la vivienda, sistemas de climatización de frío independiente en casa una de las dependencias(preinstalación de split), ... Respecto a la parcela, toda ella ajardinada, dispone de una cocina exterior con zona de barbacoa y horno de leña, cenador, y zona de piscina, La piscina es de construcción reciente de muy buenas dimensiones y con un entorno único, entre el arbolado que conforma este verjel, encontramos palmeras, granados, olivos ..., está rodeada de cipreses y tiene unas vistas despejadas desde donde se aprecia el Monasterio de los Jerónimos. Chalet en Murcia, 824 m. construidos , 1793 m. superficie parcela, 36 m2 de cocina, 72 m2 de salón, 200 m2 de terraza, 5 habitaciones dobles, 4 baños, un aseo, propiedad en buen estado, cocina equipada, carpinteria interior de lacado blanco, gres, carpintería exterior de aluminio rotura puente térmico. Extras: agua, aire acond. central, aire acondicionado (independiente en cada dependencia mediante split ), apart. separado, armarios empotrados, balcón, bar, barbacoa, bomba frío y calor, calefacción (mediante suelo radiante dividivo por zonas ), calefacción central, chimenea, deposito agua, descalcificador, despensa, esquina, galería, garaje doble, hilo musical, jardín, lavandería, línea telefónica, luminoso, luz, patio, pérgola, piscina propia, puerta blindada, puertas automático, riego automático, sótano, solárium, techos altos, terraza, trastero, autobuses, árboles, centros comerciales, centros médicos, cerca de universidad, colegios, hospitales, supermercados, vallado, vistas despejadas, zonas infantiles, garaje incluido, parking incluido",,"5 habitaciones,Superficie 824 m,Terraza 200 m,4 Baños,1 Aseo,Cocina tipo office ,Lavadero ,Trastero ","Calefacción ,Piscina propia ,Plaza parking ,Aire acondicionado ,
                    ,
                        ,
                   
                "
Casa en calle carrera 3 gran oportunidad de casa en esquina con 24 m de fachada para reformar en Murcia,1 €,"['380 m2', ' 7 hab.', '2 baños', '0 €/m2']",GRAN OPORTUNIDAD DE CASA EN ESQUINA CON 24 M DE FACHADA PARA REFORMAR,"Esta vivienda está siendo comercializada en EXCLUSIVA por nuestra AgenciaCONSTRUCTORES - INVERSIONISTAS - FAMILIAS NUMEROSAS!!!Ponemos a la venta esta gran y luminosa casa compuesta de dos plantas y ático con anejo para hacer garaje a pie de calle, se puede derribar y edificar un edificio o reformar entera y hacerla un confortable hogar de 380 m2.Es una casa en esquina, junto a la calle Mayor y a unos 100 m de ""La Plaza de la Iglesia"". Tiene una espectacular fachada en su totalidad de 24 m anejos incluidos, de los cuales 14,50 m son de la fachada a la calle Mayor, y 13 m son a la calle Carrera, el resto, ósea 10 m son del patio y del actual garaje a pie de calle.Tiene por cada planta la casa principal 112 m2 + los m2 de anejos, en total 184 m2.El inmueble principal a dos calles cuenta con 4 grandes ventanales con sus rejas a pie de calle y con 5 grandes balcones, tiene un patio con salida a la calle desde el que se accede a una garaje de unos 35 m2 con acceso también desde la calle Carrera.Obviamente, las fotos las ponemos únicamente a título informativo para poder apreciar sus techos altos, grandes estancias, gruesos muros etc.Nota.- También ponemos un proyecto realizado de la distribución que se puede construir como pisos independientes, siendo de bajo + 2 plantas + ático. Se incluyen los planos de todas las plantas, pero en la baja hay dos posibilidades, solo a modo informativo de la planta baja se puede hacer una como garaje y la otra como viviendas, y después como se pueden quedar las 2 plantas superiores y el ático, aunque también se podría reformar como vivienda o como residencia para estudiantes.",,"7 habitaciones,Superficie 380 m,1 Baño,1 Aseo","Año construcción 1940,
                    ,
                        ,
                   
                "
Casa se vende casa para reformar situada en el centro de La Ñora en Murcia,59.000 €,"['109 m2', ' 3 hab.', '1 baño', '541 €/m2']",Se vende casa para reformar situada en el centro de La Ñora,"Se vende amplia casa en la Plaza Central de la Ñora, con buena distribución en 3 habitaciones, un baño, cocina independiente y salón-comedor, además de espacioso patio interior, y terraza en el piso superior, ambos con mil posibilidades de uso. 109 m2 para que crees la casa de tus sueños. Muy buena ubicación, en pleno centro de la Ñora, cerca de todos los servicios: supermercados, centro médico, farmacias, zona de restauración, etc. Bien comunicado, parada de autobús cercana, parada de tranvía en la UCAM, Universidad a 10 min caminando de la propiedad, y Centro Comercial la Ñora, actualmente en crecimiento desde la instalación del Mercadona. Zona tranquila, con muchas zonas de huerta en los alrededores. ¡Todo esto por un precio inmejorable! ¿Te interesa? Contacta con nosotros para más información.",,"3 habitaciones,Superficie 109 m,Terraza 12 m,1 Baño,Cocina tipo office ,Trastero ","
                    ,
                        ,
                   
                "
Casa en La Ñora Murcia,68.100 €,"['98 m2', ' 3 hab.', '1 baño', '695 €/m2']",Distribución,"Casa en venta en -La Ñora Superficie total 98 m², casa hab. individuales: 2, habitaciones dobles: 1, 1 baño, carpintería exterior (aluminio), cocina, comedor, estado conservación: buen estado, soleado, suelos: gres, agrupación: . Índice de referencia de precios de alquiler:",,"3 habitaciones,Superficie 98 m,1 Baño,Cocina tipo office ","Año construcción 1920,
                    ,
                        ,
                   
                "
Casa de pueblo de dos plantas con terraza en La Ñora en Murcia,95.000 €,"['120 m2', ' 4 hab.', '1 baño', '792 €/m2']",CASA DE PUEBLO DE DOS PLANTAS CON TERRAZA EN LA ÑORA,"Estupenda casa de pueblo de dos plantas en La Ñora, la planta de abajo está toda reformada y se distribuye en, cocina grande y totalmente equipada con una galería, salón, baño y un dormitorio. La planta de arriba con distribuidor con armario empotrado ,tres dormitorios y gran terraza de 15m parte de ella techada. Ubicación excepcional, ya que está en el centro del pueblo con todos los servicios a su alrededor. Se puede entrar a vivir o hacer reforma en la vivienda, ya que tiene muchas posibilidades, una de las habitaciones tiene suelo hidráulico. Es toda exterior. REFERENCIA: 36500 Contactar con nosotros Honorarios: 3% más IVA no incluidos en el precio",,"4 habitaciones,Superficie 120 m,Terraza 15 m,1 Baño,Cocina tipo office ,Trastero ",
Casa se vende 2 casas en 1ª y 2ª planta en La Ñora en Murcia,134.800 €,"['110 m2', ' 3 hab.', '1 baño', '1.225 €/m2']",SE VENDE 2 CASAS EN 1ª Y 2ª PLANTA EN LA ÑORA,"SE VENDE VIVIENDA DE 2 PLANTAS EN LA ÑORA, ESTÁ DE ORIGEN PERO EN BUEN ESTADO DE HABITABILIDAD. CADA VIVIENDA CONSTA DE 3 DORMITORIOS, 1 BAÑO, COCINA INDEPENDIENTE Y UNA TERRAZA DE 30 M2 Y/O PATIO. ESTE INMUEBLE ESTÁ COMUNICADO POR EL PATIO DE LA ENTRADA A LA CASA Y SERIA IDEAL PARA DOS FAMILIAS QUE QUIERAN VIVIR COMUNICADAS POR EL INTERIOR DE LA VIVIENDA.",,"3 habitaciones,Superficie 110 m,Terraza 30 m,1 Baño,Cocina tipo office ,Trastero ",
Promoción TEMPLA II en Murcia. Edificio viviendas de obra nueva,desde,"['desde 70 m2', '2.428,57 €/m2']",Tipos de Edificio viviendas de esta promoción,"TEMPLA 2  by Baraka esta ubicado en la zona más noble y privilegiada de Guadalupe, con una posición dominante sobre el entorno de la UCAM, y con vistas panorámicas de la ciudad de Murcia, el monasterio de los Jerónimos y el precioso entorno natural que le rodea. Esta segunda fase del proyecto, consta de 74 viviendas, todas ellas dotadas de amplias terrazas o jardín privado de gran superficie donde poder disfrutar del espacio exterior y contemplar la belleza del residencial y de sus más de 2.000 m2 de zonas comunes.  Destaca en el conjunto las piscinas, con cascada wellness, y un carril de natación de 23 metros de longitud. Así como un parque de barras outdoor tipo calistenia y un aseo adaptado, para uso comunitario. El residencial consta además de parque infantil y distintas zonas para aparcamiento de bicicletas en la planta baja, así como taquillas de carga de patinete eléctrico. En cuanto a las tipologías los dos edificios que engloban esta segunda fase, se componen por viviendas principalmente de 2 y 3 dormitorios, y algunas unidades tipo estudio, 1 dormitorio o 4 dormitorios. En cualquiera de ellos la terraza es la pieza dominante del espacio. Las viviendas de 1 y 2 dormitorios se entregan con cocina amueblada y semiequipada. Las viviendas de 2 y 3 dormitorios incluyen plaza de garaje y trastero en el precio.",,"Piscina comunitaria ,
                    ,
                        ,
                   
                ",
Casa en calle félix rodríguez de la fuente casa con 3 habitaciones en Murcia,77.700 €,"['80 m2', ' 3 hab.', '1 baño', '971 €/m2']",Casa con 3 habitaciones,"Vivienda unifamiliar en La Ñora, Murcia.Vivienda distribuida en tres dormitorios, salón comedor, cocina independiente con patio.",,"3 habitaciones,Superficie 80 m,1 Baño,Lavadero ","
                    ,
                        ,
                   
                "
Casa en La Ñora Murcia,62.100 €,"['60 m2', ' 1 hab.', '1 baño', '1.035 €/m2']",Casa,"Vivienda de 60,5 m2 situado en edificio de tres plantas sobre rasante ubicado en La Ñora, Murcia. El inmueble ofertado presenta una distribución de salón comedor, cocina, un dormitorio y un baño",,"1 habitación,Superficie 60 m,1 Baño","Año construcción 2006,
                    ,
                        ,
                   
                "
"Casa se vende casa para reformar en La Ñora, muy centrica en Murcia",97.260 €,"['145 m2', ' 4 hab.', '2 baños', '671 €/m2']","SE VENDE CASA PARA REFORMAR EN LA ÑORA, MUY CENTRICA","SE VENDE CASA PARA REFORMAR CON 4 DORMITORIOS EN LA ÑORA, MUY CENTRICA YA QUE ESTÁ A UN PASO DE TODOS LOS SERVICIOS, COLEGIO, SUPERMERCADOS, CENTRO MEDICO.. TIENE UN PATIO DE 50 M2, LA CASA TIENE 2 PLANTAS Y CUENTA CON BAÑO Y ASEO.",,"4 habitaciones,Superficie 145 m,1 Baño,1 Aseo",
Casa con 5 habitaciones amueblada con aire acondicionado en Murcia,149.000 €,"['110 m2', ' 5 hab.', '3 baños', '1.355 €/m2']",Casa con 5 habitaciones amueblada con aire acondicionado,"Perfecta casa en la Ñora para entrar a vivir, con 5 dormitorios, patio, garaje. Estupenda casa con garaje para vivir. Dispone de un garaje para poder poner el choche. Si quiere vivir en una zona cerca de la UCAM, no dude en llamarnos.",,"5 habitaciones,Superficie 110 m,3 Baños,Cocina tipo office ","Amueblado ,Aire acondicionado ,Año construcción 2995,
                    ,
                        ,
                   
                "
Casa adosada adosado en La Ñora en La Ñora Murcia,140.000 €,"['75 m2', ' 3 hab.', '2 baños', '1.867 €/m2']",ADOSADO EN LA ÑORA,"Bonito adosado en la ñora, cerca de la UCAM y muy proximo a todos los servicios como supermercados, farmacias, colegios, centro medico....~ ~ Esta en perfectas condiciones para entrar a vivir y disfrutar de total tranquilidad.~ ~ Dispone de un patio particular el cual tiene una parte cubierta para poder disfrutar del exterior los dias lluviosos donde poder hacer barbacoas.~ ~ Le animamos a visitarlo sin compromiso ninguno",,"3 habitaciones,Superficie 75 m,Terraza 25 m,2 Baños,Cocina tipo office ","Calefacción ,Plaza parking ,Aire acondicionado ,
                    ,
                        ,
                   
                "
Casa con 5 habitaciones con parking y aire acondicionado en Murcia,149.000 €,"['210 m2', ' 5 hab.', '3 baños', '710 €/m2']",Casa con 5 habitaciones con parking y aire acondicionado,"Perfecta casa en la Ñora para entrar a vivir, con 5 dormitorios, patio, garaje. Estupenda casa con garaje para vivir. Dispone de un garaje para poder poner el choche. Si quiere vivir en una zona cerca de la UCAM, no dude en llamarnos.",,"5 habitaciones,Superficie 210 m,3 Baños,Lavadero ","Plaza parking ,Aire acondicionado ,Año construcción 1995,
                    ,
                        ,
                   
                "
Casa pareada en La Ñora Murcia,59.000 €,"['151 m2', ' 4 hab.', '1 baño', '391 €/m2']",Distribución,"Disfruta con la opción de poder reformar una casa entera a tu gusto, sabiendo que cuenta con los metros, distribución y ubicación adecuadas para hacerlo.Una vivienda en pleno centro de La Ñora con 107 metros de vivienda más terraza superior y 44 metros de patio. Supermercado, cafeterías, farmacia, colegios, autobuses a Murcia, todo a unos pasos andando.Actualmente cuenta con 4 dormitorios, 1 baño y amplia cocina.Una vivienda llena de luz que utilizada de manera adecuada puede convertirla en una preciosa y acogedora estancia para vivir.Nosotros también podemos ayudarte con tu proyecto de reforma. Consúltanos y gustosamente pondremos a tu disposición a nuestro grupo de especialistas en diseño de interior y reformas. No pierdes nada por conocerlos y ver sus opciones de cambio que te aseguro, te sorprenderán.",,"4 habitaciones,Superficie 151 m,1 Baño,Cocina tipo office ,Estado cocina: amueblada,Lavadero ","Sin calefacción,Sin plaza parking,Aire acondicionado ,Planta número 3,Año construcción 1920,Vistas a la ciudad ,Cerca de transporte público ,
                    ,
                        ,
                   
                "
Casa independiente en el centro de La Ñora en Murcia,122.000 €,"['100 m2', '1.220 €/m2']",casa independiente en el centro de la ñora,"Chalet independiente ubicado en la Avenida principal y transitada de La Ñora, junto al colegio/instituto Cipriano Galea, restaurante tapacubos, zona ajardinada de la plaza del pueblo, con todo tipo de servicios, farmacia, restauración, bancos, supermercados, lavanderías, etc.La vivienda perfectamente ubicada se encuentra en mitad de la parcela por lo que dispone de espacios exteriores para hacer vida fuera de la casa. Se distribuye en: Salón comedor, tres habitaciones, un baño, cocina y porche. Se podría hacer salida por dos calles.Para mayor información y visita de la misma, solicite una visita.En Inmocompra tratamos todos sus datos con el máximo rigor y nos comprometemos a ayudarles en la adquisición de su hogar o inversión.",,Superficie 100 m,"
                    ,
                        ,
                   
                "
"Casa maravillosa casa con parcela de 2.700m2, en La Ñora, con autobus, carril bici hasta ..visitela en Murcia",380.000 €,"['140 m2', ' 4 hab.', '1 baño', '2.714 €/m2']","MARAVILLOSA CASA CON PARCELA DE 2.700M2, EN LA ÑORA, CON AUTOBUS, CARRIL BICI HASTA MURCIA..VISITELA","Casa con terreno en Murcia zona La ñora, 140 m. de superficie, 2700 m. superficie parcela, 4 habitaciones dobles, un baño, cocina equipada, orientación sureste, gres, carpintería exterior de doble ventana. Extras: acceso pmr, agua, aire acondicionado, alarma, apart. separado, armarios empotrados, barbacoa, bomba frío y calor, caja fuerte, calefacción, chimenea, deposito agua, descalcificador, despensa, esquina, galería, garaje doble, hab. juegos, hilo musical, jardín, lavandería, línea telefónica, luminoso, luz, mirador, patio, pérgola, puerta blindada, puertas automático, riego automático, solárium, t.v., techos altos, trastero, videoportero, vivienda adaptada, autobuses, árboles, céntrico, centros comerciales, centros médicos, cerca de universidad, colegios, hospitales, montaña, parques, supermercados, tranvía, tren, urbanización, vallado, vistas despejadas, zona de paso, zonas infantiles, garaje incluido, parking incluido MARAVILLOSA CASA CON PARCELA DE 2.700M2, EN LA ÑORA, CON AUTOBUS, CARRIL BICI HASTA MURCIA.. CERCA DE LA UNIVERSIDAD. ¡¡VISITELA SIN COMPROMISO Y HAGA SU OFERTA!!! Venta: 380000 €",,"4 habitaciones,Superficie 140 m,1 Baño,Cocina tipo office ,Lavadero ,Trastero ","Calefacción ,Plaza parking ,Aire acondicionado "
Chalet en rosario 0 en La Ñora Murcia,47.484 €,"['192 m2', '247 €/m2']",Distribución,"¡Oportunidad para comprar tu Chalet! Situado en CALLE ROSARIO MURCIA, cuenta de una superficie de 192 m2 .",,Superficie 192 m,
Estudio en La Ñora Murcia,37.900 €,"['23 m2', ' 1 hab.', '1 baño', '1.648 €/m2']",Distribución,"Práctico estudio que cuenta con 23 m2 construidos distribuidos en dormitorio-salón-cocina y 1 baño. Dispone de conductos de Aire Acondicionado. El baño está completamente equipado, de tres piezas y plato de ducha. Muy buena ubicación, próximo a todo tipo de comercios, servicios, bancos y a 2 minutos andando de una parada de autobús que tiene conexión hasta Murcia centro y Molina de Segura además del tranvía. De igual manera, a 5 minutos en coche se encuentra la Autovía del Mediterráneo, el Centro Comercial La Noria y la UCAM. Perfecto para una primera vivienda, como despacho profesional o inversión. Sin comisiones.",,"1 habitación,Superficie 23 m,1 Baño","Aire acondicionado ,Año construcción 2012,
                    ,
                        ,
                   
                "
"Piso bonita vivienda con vistas, jardines y piscina. en Murcia",250.000 €,"['134 m2', ' 3 hab.', '2 baños', '1.866 €/m2']","BONITA VIVIENDA CON VISTAS, JARDINES Y PISCINA.","Magnifica vivienda con vistas, situada en una de las mejores urbanizaciones El Portón de los Jerónimos, con fácil acceso al centro de la ciudad en tranvía y muy bien comunicado con la autovía. La vivienda consta de 3 dormitorios amplios, uno de ellos tipo suite, 2 baños completos totalmente equipados, cocina totalmente amueblada con altas calidades y con office, lavadero y despensa, un gran salón con vistas a una amplia terraza con orientación levante, muy buenas calidades , también dispone de 2 plazas de garaje y un amplio trastero. El residencial está rodeado de jardines, pista de pádel privada, piscina comunitaria y club social privado. SIN GASTOS DE COMISIÓN.",,"3 habitaciones,Superficie 134 m,2 Baños,Cocina tipo office ,Lavadero ,Trastero ","Plaza parking ,
                    ,
                        ,
                   
                "
"Piso en paseo del portón 2 amplia vivienda con terraza 42 m2, trastero, garaje y piscina en Murcia",190.000 €,"['166 m2', ' 3 hab.', '2 baños', '1.145 €/m2']","AMPLIA VIVIENDA CON TERRAZA 42 M2, TRASTERO, GARAJE Y PISCINA","Esta vivienda está siendo comercializada en MULTEXCLUSIVA por nuestra Agencia Inmobiliaria.Ponemos a la venta esta amplia y bien distribuida vivienda de 123 m2 utiles más 43 m2 de terraza ubicada en la excelente urbanización ""El Portón de los Jerónimos"" con piscina comunitaria en la Ñora, frente la UCAM.Distribuida en una cocina office de 13 m2 más despensa, galería y patio de 11 m2, 3 dormitorios de 11 mm2 con armarios empotrados, y el principal de 22 m2 más baño completo incluido de 6,30 m2 gran vestidor y con salida a la gran terraza de 43 m2 a la que también se accede desde el gran salón de 27 m2, aparte tiene otro baño compreto de 4,75 m2.Tiene pinturas lisas en todo el inmueble, puertas de rejas para seguridad en las puertas desde las que se accede a la terraza desde el salón y desde el dormitorio principal, carpintería exterior con doble acristalamiento, suelo porcelanico de primera clase.La urbanización tiene una gran zona donde se ubica el ""Club social privado de la Urbanización"", la enorme piscina comunitaria y las canchas de pádel. En el sótano encontramos una amplísima plaza de garaje con su trastero de 10 m2.",,"3 habitaciones,Superficie 166 m,2 Baños,Cocina tipo office ,Lavadero ,Trastero ","Calefacción ,Plaza parking ,Aire acondicionado ,Año construcción 2009,Vistas a la montaña ,
                    ,
                        ,
                   
                "
Ático fantástico ático dúplex en La Ñora Murcia,Oportunidad,"['84 m2', ' 2 hab.', '2 baños', '1.042 €/m2']",Fantástico ático dúplex,"Bonito ático dúplex con terraza en cubierta de 23 m2. La vivienda se distribuye en 84 m2 construidos, dónde se encuentran un amplio salón, cocina independiente con lavadero, 2 dormitorios y 2 baños. El salón dispone de 20 m2 y cuenta con un gran ventanal de acceso a una coqueta terraza exterior. Luminoso. Instalación de termo de agua. La buhardilla consta de un baño integrado de tres piezas, con plato de ducha y 2 accesos a terrazas. La vivienda dispone de conductos de aire acondicionado. Muy bien ubicado, próximo a todo tipo de comercios y servicios. A 2 minutos andando de una parada de autobús que tiene conexión hasta Murcia centro y Molina de Segura. Tranvía. De igual manera, a 5 minutos en coche se encuentra la Autovía del Mediterráneo, el Centro Comercial La Noria y la UCAM. SIN COMISIONES!",,"2 habitaciones,Superficie 84 m,2 Baños","Aire acondicionado ,Año construcción 2012,
                    ,
                        ,
                   
                "
Dúplex en La Ñora Murcia,285.000 €,"['193 m2', ' 4 hab.', '3 baños', '1.477 €/m2']",Distribución,"Luminoso Dúplex en venta en la Urbanización El Portón de los Jerónimos con vistas inigualables de Murcia. Desconecte del ruido y viva la tranquilidad de esta urbanización al adentrarse en este luminoso dúplex con techos a doble altura en salón para una mayor sensación de amplitud. A través del salón- comedor tenemos acceso a la terraza principal donde contamos con una barbacoa y espacio para un comedor o salón exterior. La habitación principal se ubica en primera planta con armarios empotrados, baño en suite y bañera con hidromasaje. Tres habitaciones superiores, una de ellas con terraza y espacio independiente tipo vestidor y las restantes con armarios empotrados. Su amplia cocina con desayunador cuenta con electrodomésticos integrados (Bosch), encimera Silestone y fogones de gas (Bosch), sin embargo, tiene preparación para instalar vitrocerámica. El espacio de almacenaje esta solucionado con una despensa en el área de la lavado. Tendrá acceso a una piscina comunitaria, cancha de padel, salón de eventos, parques infantiles, guardería y áreas verdes en el mismo complejo. Además, dispone de garaje y trastero en sótano, así como parking para visitas. Se encuentra a 400 mts del centro comercial La Noria Outlet donde se encuentra en construcción Mercadona, 800 mts de la UCAM, y a 1.5 kms del centro de salud de la Ñora. Visítelo y descubra como puede ser su nueva vida en este entorno privilegiado.",,"4 habitaciones,Superficie 193 m,3 Baños","Calefacción ,Plaza parking ,Aire acondicionado ,Año construcción 2007,
                    ,
                        ,
                   
                "
Promoción Mirador de los Jerónimos II en Murcia. Edificio viviendas de obra nueva,desde,"['desde 58 m2', '2.051,72 €/m2']",Tipos de Edificio viviendas de esta promoción,"Mirador de los Jerónimos II. ¡¡YA A LA VENTA!!Pisos de 1, 2, 3 y 4 dormitorios con garaje y trastero incluido.Ubicado en el nuevo desarrollo de Guadalupe (Murcia), Mirador de los Jerónimos II se compone de 2 edificios de 25 viviendas de 1, 2, 3 y 4 dormitorios, áticos y bajos con amplias terrazas. Pisos con garaje y trastero incluido. En Mirador de los Jerónimos II encontrarás viviendas de moderno diseño con acabados de primera calidad, cocinas amuebladas y armarios empotrados. El resto de la ciudad está a un paso con excelentes comunicaciones tanto por carretera como por el servicio de tranvía urbano. Muy cerca de la Universidad Católica de San Antonio Murcia y del centro comercial LA NORIA Outlet Murcia. Hogares luminosos y acogedores, donde podrás disfrutar de lo mejor de la vida en tu propia casa. Y todo ello con la garantía de Iberdrola Inmobiliaria, la promotora inmobiliaria del Grupo Iberdrola.",,"Ascensor ,Piscina comunitaria ,Zona ajardinada ,Aparcamiento ,
                    ,
                        ,
                   
                ",
Piso en venta en urbanización los jeronimos en Murcia,247.000 €,"['151 m2', ' 3 hab.', '2 baños', '1.636 €/m2']",Piso en Venta en Urbanización Los Jeronimos,"Estupendo piso en venta en la zona de Urbanización de los Jerónimos, sin la zona de moda en los ultimos años. La vivienda está situada en la planta baja del edificio con ascensor, tiene 3 dormitorios, y 2 baños.El piso se vende vacio. La zona de día la compone salón, comedor muy luminoso ya que cuenta con ventanas por toda la vivienda y una terraza muy amplia. Por otro lado, la zona de noche se distribuye en 3 dormitorios, 3 baños.La cocina está amueblada y equipada completa con electrodomésticos, nevera y lavadora.Además el inmueble dispone de aire acondicionado y calefacción.Tambien cuenta con parking y trastero, incluido en el precio.Urbanización con piscina comunitaria.Sin duda un piso súper completo y hecho a tu medida, no lo dudes más y ¡llámanos!",,"3 habitaciones,Superficie 151 m,2 Baños,Cocina tipo office ,Trastero ","Aire acondicionado ,
                    ,
                        ,
                   
                "
Ático se vende atico duplex en La Ñora ( ) en La Ñora Murcia,140.000 €,"['113 m2', ' 3 hab.', '2 baños', '1.239 €/m2']",SE VENDE ATICO DUPLEX EN LA ÑORA ( MURCIA ),"Se vende atico tipo duplex, buenas calidades, luminoso, plaza de garaje y trastero, de 3 dormitorios y 2 baños, distribuido en planta baja: recibidor, cocina independiente amueblada con electrodomésticos, 1 baño, dormitorio principal, salón comedor amplio, balcón, planta 1ª: 1 baño, 2 dormitorios, tipo abuhardillados, con salida a terraza, suelos de gres, carpintería interior de roble, armarios empotrados, carpintería exterior aluminio termolacado blanco con doble cristal.",,"3 habitaciones,Superficie 113 m,2 Baños,Cocina tipo office ,Trastero ","Amueblado ,Aire acondicionado ,Año construcción 2008,
                    ,
                        ,
                   
                "
Piso solvia inmobiliaria - piso en La Ñora Murcia,44.100 €,"['59 m2', ' 1 hab.', '1 baño', '747 €/m2']",Solvia Inmobiliaria - Piso Murcia,"Vivienda situada en la localidad de La Ñora. Cuenta con una superficie de 60 m² construidos, distribuidos en salón-comedor, cocina, 1 dormitorio y 1 baño con plato de ducha. Le corresponde el uso exclusivo de un patio con 7 m². El entorno dispone de los equipamientos y comunicaciones suficientes para las necesidades cotidianas.",,"1 habitación,Superficie 59 m,1 Baño,Cocina tipo office: No","Sin calefacción,Sin plaza parking,Sin aire acondicionado"
Piso con ascensor en La Ñora Murcia,37.900 €,"['23 m2', ' 1 hab.', '1 baño', '1.648 €/m2']",Piso con ascensor,"No cobramos comisión al comprador.- Piso-Estudio en edificio del año 2012, con Ascensor.\n \n La vivienda cuenta con 23 m2 construidos y se distribuye en: dormitorio-salón-cocina y 1 baño. Dispone de conductos de Aire Acondicionado.\n \n La cocina se encuentra para reformar, con posibilidad de crearla y diseñarla a medida.\n El baño está completamente equipado, de tres piezas y plato de ducha.\n \n Muy bien ubicado, próximo a todo tipo de comercios, servicios, bancos, administraciones y a 2 minutos andando de una parada de autobús que tiene conexión hasta Murcia centro y Molina de Segura.\n \n De igual manera, a 5 minutos en coche se encuentra la Autovía del Mediterráneo, el Centro Comercial La Noria y la Universidad privada de Murcia.\n \n Llame ahora para conocer más información sobre el Local y concertar una visita. - No cobramos comisión al comprador.",,"1 habitación,Superficie 23 m,1 Baño","Sin calefacción,Sin plaza parking,Sin aire acondicionado"
"Piso segundo con 3 habitaciones, ascensor, calefacción y aire acondicionado en Murcia",57.600 €,"['121 m2', ' 3 hab.', '1 baño', '476 €/m2']","Segundo con 3 habitaciones, ascensor, calefacción y aire acondicionado","Piso de 120,85 m2 situado en edificio de cuatro plantas sobre rasante ubicado en la ciudad de Murcia, provincia de Murcia. Con ascensor. Cocina con lavadero y despensa, salón comedor con terraza, tres habitaciones, y baño. Todo exterior, armarios empotrados y aire acondicionado. El entorno cuenta con las infraestructuras urbanas básicas (alumbrado público, suministro eléctrico, red de saneamiento, abastecimiento de agua potable y encintado de aceras), las cuales aparentemente se encuentran en buen estado de conservación. Las comunicaciones del entorno con el resto de la población son suficientes para las necesidades de la zona.",,"3 habitaciones,Superficie 121 m,1 Baño","Calefacción ,Aire acondicionado ,Planta número 2,Año construcción 1983,
                    ,
                        ,
                   
                "
Piso solvia inmobiliaria - piso en La Ñora Murcia,89.700 €,"['111 m2', ' 3 hab.', '2 baños', '808 €/m2']",Solvia Inmobiliaria - Piso Murcia,"Piso de 112 m² en venta de 3 dormitorios, ubicado en Murcia. Esta vivienda se localiza próxima al acceso a la E-15. Además, y al ser un área con todos los servicios, centro de salud, Centro Concertado de Enseñanza Cipriano, restaurantes, el campo de fútbol, etc, esta vivienda se presenta en el mercado como una oportunidad residencial en una buena zona. Construido en 2007, este competitivo piso cuenta con una superficie construida de 112 m², siendo la útil de 81 m² y se distribuye en salón-comedor, cocina sin amueblar, 3 dormitorios, 2 baños, uno de ellos con plato de ducha y una amplia terraza, listo para convertirse en su próxima vivienda en propiedad. Además, la vivienda incluye una plaza de garaje de 11 m² y un trastero de 3 m², ambos ubicados en la planta sótano del edificio. Con los servicios de Solvia podrá encontrar la vivienda que necesita y asegurar su inversión con el mejor de los asesoramientos especializados. Empiece ahora mismo pidiendo más información. Un responsable cercano a usted le atenderá personalmente.",,"3 habitaciones,Superficie 111 m,2 Baños,Cocina tipo office: No,Trastero ","Sin calefacción,Plaza parking ,Sin aire acondicionado"
Piso en complejo residencial el escorial en La Ñora Murcia,Consultar precio,['10.929 m2'],Distribución,"Piso en venta ubicado en COMPLEJO RESIDENCIAL EL ESCORIAL, PROLONGACION C, MURCIA, Murcia. Dispone de una superficie de 82 m2",,Superficie 10929 m,
Estudio en La Ñora Murcia,65.000 €,"['48 m2', '1 baño', '1.354 €/m2']",Distribución,"Se vende piso de particular a particular. Estudio seminuevo, amueblado, exterior, con cuarto de baño aparte y salón-cocina divididos por un armario grande que hace de separación del espacio. En el precio se incluyen la plaza de garaje así como un trastero de ocho metros.",,"Superficie 48 m,1 Baño,Trastero ","Plaza parking ,Amueblado ,Aire acondicionado ,
                    ,
                        ,
                   
                "
Piso en c/ félix rodríguez de la fuente solvia inmobiliaria - piso en Murcia,44.100 €,"['59 m2', ' 1 hab.', '1 baño', '747 €/m2']",Solvia Inmobiliaria - Piso Murcia,"Vivienda situada en la localidad de La Ñora. Cuenta con una superficie de 60 m² construidos, distribuidos en salón-comedor, cocina, 1 dormitorio y 1 baño con plato de ducha. Le corresponde el uso exclusivo de un patio con 7 m². El entorno dispone de los equipamientos y comunicaciones suficientes para las necesidades cotidianas.",,"1 habitación,Superficie 59 m,1 Baño","
                    ,
                        ,
                   
                "
Piso apartamento a dos minutos de la ucam en La Ñora Murcia,59.000 €,"['41 m2', ' 1 hab.', '1 baño', '1.439 €/m2']",APARTAMENTO A DOS MINUTOS DE LA UCAM,"Si estas buscando un apartamento cerca de la Universidad Católica Ucam, esta es tu vivienda.En La Ñora, con todos los servicios a tu alcance.Excelente oportunidad de adquirir en propiedad este precioso apartamento con una superficie de 60 m² muy bien distribuido.Salón con cocina integrada en el mismo, un dormitorio muy luminoso con un gran ventanal y un amplio cuarto de baño.La vivienda cuenta con entrada independiente, preinstalación de aire acondicionado, puertas de roble, tarima, paredes lisas, ventanas climalit, rejas en las ventanas y puerta acorazada.La vivienda se vende totalmente amueblada y con electrodomésticos.La Ñora es una zona muy demandada por su cercanía a Murcia.El apartamento esta ubicado en una zona muy tranquila pero a su vez con todos los servicios a pocos minutos de la vivienda, a dos minutos de la UCAM ,el centro comercial La Noria Outlet, centros de salud, Mercadona, a 15 de la Montessori British School y acceso rápido a la autovía.No dudes en ponerte en contacto con nosotros. Visita sin compromiso. No cobramos honorarios al comprador.Más información rellenando el formulario de contacto o por teléfono.",,"1 habitación,Superficie 41 m,1 Baño","Año construcción 2007,
                    ,
                        ,
                   
                "
Apartamento en La Ñora Murcia,50.000 €,"['36 m2', ' 1 hab.', '1 baño', '1.389 €/m2']",Apartamento,"Descripción Apartamento , con 36 m²construidos, 36 m² útiles, 1 dormitorios, 1 baños, seminuevo, planta Baja,cocina amueblada, amueblado, entre 5 y 10 años En unas de las zonas másdemandas y cotizadas Ideal como inversión por su situación próxima a la UCAM ycentro comercial la Noria es ideal para alquilar o vivir (Fecha construcción: 2010)",,"1 habitación,Superficie 36 m,1 Baño,Cocina tipo office ",
Apartamento en La Ñora Murcia,50.000 €,"['36 m2', ' 1 hab.', '1 baño', '1.389 €/m2']",Apartamento,"Descripción Apartamento , con 36 m²construidos, 36 m² útiles, 1 dormitorios, 1 baños, seminuevo, planta Baja,cocina amueblada, amueblado, entre 5 y 10 años En unas de las zonas másdemandas y cotizadas Ideal como inversión por su situación próxima a la UCAM ycentro comercial la Noria es ideal para alquilar o vivir (Fecha construcción: 2010)",,"1 habitación,Superficie 36 m,1 Baño,Cocina tipo office ",
Piso en La Ñora Murcia,51.100 €,"['64 m2', ' 1 hab.', '1 baño', '798 €/m2']",Distribución,"A 15min andando de la UCAM disponemos de éste magnífico apartamento. Se distribuye en salón con cocina americana, dormitorio y un baño. Superficie útil 56m2. O%COMISION AL COMPRADOR",,"1 habitación,Superficie 64 m,1 Baño","
                    ,
                        ,
                   
                "
Piso en calle san francisco 6 piso con 2 habitaciones en Murcia,62.100 €,"['61 m2', ' 2 hab.', '1 baño', '1.018 €/m2']",Piso con 2 habitaciones,"Piso situado en la localidad de La Ñora, Murcia, calle San Francisco nº 6 - 2ºA. Tiene una superficie de 61 m2 con 2 habitaciones y 1 baño.",,"2 habitaciones,Superficie 61 m,1 Baño","
                    ,
                        ,
                   
                "
Piso primero con 2 habitaciones en La Ñora Murcia,62.100 €,"['61 m2', ' 2 hab.', '1 baño', '1.018 €/m2']",Primero con 2 habitaciones,"Vivienda de 60,5 m2 situado en edificio de tres plantas sobre rasante ubicado en la ciudad de Murcia, provincia de Murcia. Sin ascensor. El inmueble ofertado presenta una distribución de salón comedor, cocina, un dormitorio y un baño. El entorno cuenta con las infraestructuras urbanas básicas (alumbrado público, suministro eléctrico, red de saneamiento, abastecimiento de agua potable y encintado de aceras), las cuales aparentemente se encuentran en buen estado de conservación. Las comunicaciones del entorno con el resto de la población son suficientes para las necesidades de la zona.",,"2 habitaciones,Superficie 61 m,1 Baño","Planta número 1,Año construcción 2006,
                    ,
                        ,
                   
                "
"Ático en calle nuestra señora del paso 10 viviendas en La Ñora, desde 51.000 en Murcia",55.000 €,"['60 m2', ' 1 hab.', '1 baño', '917 €/m2']","10 viviendas en La Ñora, desde 51.000","Promoción de viviendas en La Ñora, Murcia.Magnífica vivienda distribuida en diferentes dependencias, habitaciones y servicios.En una finca construida en 2007, ubicada en una tranquila zona residencial donde dispone de todos los servicios cerca ya que está a escasos metros de superficies comerciales, comercios de proximidad, equipamientos deportivos (el Campo de Fútbol / Polideportivo de Javali Viejo - La Ñora) y una gran variedad de bares y restaurantes.Asimismo, dispone de centros médicos como, por ejemplo, el Centro Salud la Ñora. Con muy buena comunicación mediante transporte público (autobús) y carretera que conectan con poblaciones colindantes.Infórmese sin compromiso.",,"1 habitación,Superficie 60 m,1 Baño","Plaza parking ,
                    ,
                        ,
                   
                "
"Piso con 2 habitaciones, ascensor, aire acondicionado y terraza en Murcia",87.500 €,"['84 m2', ' 2 hab.', '2 baños', '1.042 €/m2']","Piso con 2 habitaciones, ascensor, aire acondicionado y terraza","- No cobramos comisión al comprador.- Dúplex con Terraza en cubierta de 23 m2. En edificio del año 2012, con Ascensor.\n\nLa vivienda se distribuye en 84 m2 construidos, dónde se encuentra: un amplio salón, cocina independiente, Lavadero, 2 dormitorios, una Buhardilla y 2 baños.\n\nEl salón dispone de 20 m2 y cuenta con un gran ventanal de acceso a una coqueta Terraza exterior, descubierta, por lo que goza de luz natural durante el día.\n\nLa cocina se encuentra para reformar, con posibilidad de crearla y diseñarla a medida. Posee de una salida a Galería-lavadero dónde, además, tiene ya instalado un Termo de agua.\n\nLa buhardilla consta de un baño integrado de tres piezas, con plato de ducha, y de 2 accesos a Terrazas.\n\nY la vivienda dispone de conductos de Aire Acondicionado.\n\nMuy bien ubicado, próximo a todo tipo de comercios, servicios, bancos, administraciones y a 2 minutos andando de una parada de autobús que tiene conexión hasta Murcia centro y Molina de Segura.\n\nDe igual manera, a 5 minutos en coche se encuentra la Autovía del Mediterráneo, el Centro Comercial La Noria y la Universidad privada de Murcia.\n\nLlame ahora para conocer más información sobre la vivienda y concertar una visita. - No cobramos comisión al comprador.-",,"2 habitaciones,Superficie 84 m,2 Baños","Sin calefacción,Sin plaza parking,Aire acondicionado "
"Piso vivienda en venta en c. almería, esquina nuestra srª del paso, 62, La Ñora, en Murcia",70.000 €,"['105 m2', ' 2 hab.', '1 baño', '667 €/m2']","Vivienda en venta en C. Almería, esquina Nuestra Srª del Paso, 62, La Ñora, Murcia","Bajo independiente en La ñora, 105 m. de superficie, 2 habitaciones, un baño. Magnífica vivienda distribuida en diferentes dependencias, habitaciones y servicios. En una finca construida en 2007, ubicada en una tranquila zona residencial donde dispone de todos los servicios cerca ya que está a escasos metros de superficies comerciales, comercios de proximidad, equipamientos deportivos (el Campo de Fútbol / Polideportivo de Javali Viejo - La Ñora) y una gran variedad de bares y restaurantes. Asimismo, dispone de centros médicos como, por ejemplo, el Centro Salud la Ñora. Con muy buena comunicación mediante transporte público (autobús) y carretera que conectan con poblaciones colindantes. Infórmese sin compromiso.",,"2 habitaciones,Superficie 105 m,1 Baño","Plaza parking ,
                    ,
                        ,
                   
                "
Piso con 3 habitaciones y ascensor en La Ñora Murcia,95.400 €,"['142 m2', ' 3 hab.', '2 baños', '672 €/m2']",Piso con 3 habitaciones y ascensor,"Vivienda piso en edificio de 4 plantas sobre rasante, con ascensor, en el municipio y provincia de Murcia. Tiene una superficie construida de 116,80 m² aproximadamente, según catastro.Murcia es una ciudad española, capital del municipio del mismo nombre y de la comunidad autónoma de la Región de Murcia. Es el centro de la comarca de la Huerta de Murcia y de su área metropolitana. Está situada en el sureste de la península ibérica a orillas del río Segura, en la denominada depresión prelitoral murciana, a 40 kilómetros del mar Mediterráneo. Con 459 403 habitantes (INE, 2020),? Murcia es el séptimo municipio más poblado de España.La población del entorno permanece estable a lo largo del año. Es una zona con desarrollo finalizado.El entorno dispone de los servicios mínimos (suministro de energía eléctrica, abastecimiento de agua, acceso rodado y evacuación de aguas residuales), encontrándose en buen estado de conservación. En cuanto al equipamiento: dispone de equipamiento deportivo, escolar, religioso, zonas de aparcamiento en superficie y zonas verdes. Las comunicaciones del entorno con el resto de la población son suficientes para las necesidades de la zona.Las comunicaciones interurbanas pueden considerarse buenas. Piso con salón, cocina, tres dormitorios, patio y dos baños.",,"3 habitaciones,Superficie 142 m,2 Baños",Año construcción 2007
Piso venta de estudio en La Ñora!! en La Ñora Murcia,37.900 €,"['26 m2', '1 baño', '1.458 €/m2']",VENTA DE ESTUDIO EN LA ÑORA!!,"COMIENZA TU NUEVA VIDA...En este estudio en La Ñora a un paso de la UCAM. ¿Busca algo en especial? ¿Quieres disfrutar de la tranquilidad de tu propio hogar ? Piso-Estudio en edificio del año 2012, con Ascensor. La vivienda cuenta con 23 m2 construidos y se distribuye en: dormitorio-salón-cocina y 1 baño. Dispone de conductos de Aire Acondicionado. La cocina se encuentra para reformar, con posibilidad de crearla y diseñarla a medida. El baño está completamente equipado, de tres piezas y plato de ducha. Muy bien ubicado, próximo a todo tipo de comercios, servicios, bancos, administraciones y a 2 minutos andando de una parada de autobús que tiene conexión hasta Murcia centro y Molina de Segura. De igual manera, a 5 minutos en coche se encuentra la Autovía del Mediterráneo, el Centro Comercial La Noria y la Universidad privada de Murcia UCAM. COMIENZA TU NUEVA VIDA...En este piso en La Ñora a un paso de la UCAM. No dejes escapar esta oportunidad! Como comprador le acompañamos durante todo el proceso, tramitando la documentación necesaria. SIN HONORARIOS DE AGENCIA!!!...Es nuestro producto de BOLSA DE CASAS!!!....No deje escapar esta oportunidad...Llámenos!!!",,"Superficie 26 m,1 Baño,Cocina tipo office ",Ascensor 
"Piso en La Ñora, en La Ñora Murcia",46.000 €,"['60 m2', ' 1 hab.', '1 baño', '767 €/m2']","Piso en La Ñora, Murcia","Te ofrecemos esta excelente oportunidad de adquirir en propiedad este Piso residencial con una superficie de 59,56 m² bien distribuidos en 1 habitación y 1 cuarto de baño ubicado en la localidad de Murcia, provincia de Murcia.",,"1 habitación,Superficie 60 m,1 Baño",
Ático en La Ñora!! en La Ñora Murcia,87.500 €,"['84 m2', ' 2 hab.', '2 baños', '1.042 €/m2']",ÁTICO EN LA ÑORA!!,"COMIENZA TU NUEVA VIDA...En este piso en La Ñora a un paso de la UCAM. ¿Busca algo en especial? ¿Quieres disfrutar de la tranquilidad de tu propio hogar ? Este maravilloso inmueble puede ser la oportunidad que estabas esperando para dar el salto. La vivienda se distribuye en 84 m2 construidos, dónde se encuentra: un amplio salón, cocina independiente, Lavadero, 2 dormitorios, una Buhardilla y 2 baños. El salón dispone de 20 m2 y cuenta con un gran ventanal de acceso a una coqueta Terraza exterior, descubierta, por lo que goza de luz natural durante el día. La cocina se encuentra con posibilidad de crearla y diseñarla a medida. Posee de una salida a Galería-lavadero dónde, además, tiene ya instalado un Termo de agua. La buhardilla consta de un baño integrado de tres piezas, con plato de ducha, y de 2 accesos a Terrazas. Preinstalación de aire acondicionado por conductos. No dejes escapar esta oportunidad! Como comprador le acompañamos durante todo el proceso, tramitando la documentación necesaria. SIN HONORARIOS DE AGENCIA!!!...Es nuestro producto de BOLSA DE CASAS!!!....No deje escapar esta oportunidad...Llámenos!!!",,"2 habitaciones,Superficie 84 m,2 Baños",Aire acondicionado 
Piso con ascensor en La Ñora Murcia,87.500 €,"['89 m2', ' 1 hab.', '2 baños', '983 €/m2']",Piso con ascensor,"Piso dúplex en segunda planta con ascensor de un dormitorio, dos salones, cocina, dos baños, terraza patio interior, cuarto lavadero, suelos de gres, puertas interiores de madera, puertas y ventanas exteriores de aluminio blanco. Visita sin compromiso, sin comisiones de intermediación.",,"1 habitación,Superficie 89 m,2 Baños,Lavadero ","Año construcción 2012,
                    ,
                        ,
                   
                "
Piso apartamento en La Ñora en La Ñora Murcia,48.100 €,"['73 m2', ' 2 hab.', '1 baño', '659 €/m2']",APARTAMENTO EN LA ÑORA,Edificio seminuevo. 2 dormitoriosEn buen estado. ¡EXCELENTE INVERSIÓN!. ¡ACTIVOS INMOBILIARIOS!¡SIN COMISIÓN PARA EL COMPRADOR!. ¡VISITALO SIN COMPROMISO!.,,"2 habitaciones,Superficie 73 m,1 Baño,Cocina tipo office ",Año construcción 2012
Piso apartamento en La Ñora en La Ñora Murcia,52.000 €,"['59 m2', ' 1 hab.', '1 baño', '881 €/m2']",APARTAMENTO EN LA ÑORA,Edificio seminuevo. 1 dormitorioEn buen estado. ¡EXCELENTE INVERSIÓN!. ¡ACTIVOS INMOBILIARIOS!¡SIN COMISIÓN PARA EL COMPRADOR!. ¡VISITALO SIN COMPROMISO!.,,"1 habitación,Superficie 59 m,1 Baño,Cocina tipo office ",Año construcción 2012
Piso bajo de 2 habitaciones en La Ñora en La Ñora Murcia,73.000 €,"['90 m2', ' 2 hab.', '1 baño', '811 €/m2']",Piso Bajo de 2 habitaciones en La Ñora,"Este modelo de vivienda es un bajo en un edificio de 3 plantas. Cuenta con 2 habitaciones ,1 cuarto de baño y una cocina independiente amueblada y semi-equipada. Cuenta con plaza de garaje. Fantástica promoción de viviendas en la Ñora distribuidas en un edificio de 3 plantas, donde podrás encontrar multitud de modelos de viviendas para escoger la que mas se adapte a sus necesidades. Esta promoción de viviendas se encuentra en una zona residencial, donde dispondrás de todos los servicios, ya que se encuentra a escasa distancia de Centros Comerciales, comercios, centros deportivos y distinto ocio. Sin olvidarnos de su cercanía al centro de salud de la Ñora. A escasos minutos de Murcia capital en coche, no dejes escapar esta fantástica oportunidad y contacta ya con nosotros para hacer tu visita ¡LLAMANOS!",,"2 habitaciones,Superficie 90 m,1 Baño,Cocina tipo office ,Trastero ",Plaza parking 
Piso apartamento en La Ñora en La Ñora Murcia,43.500 €,"['59 m2', ' 1 hab.', '1 baño', '737 €/m2']",APARTAMENTO EN LA ÑORA,Edificio seminuevo. 1 dormitorioEn buen estado. ¡EXCELENTE INVERSIÓN!. ¡ACTIVOS INMOBILIARIOS!¡SIN COMISIÓN PARA EL COMPRADOR!. ¡VISITALO SIN COMPROMISO!.,,"1 habitación,Superficie 59 m,1 Baño,Cocina tipo office ",Año construcción 2012
Piso en primera planta de 2 habitaciones en La Ñora en Murcia,78.000 €,"['113 m2', ' 2 hab.', '2 baños', '690 €/m2']",Piso en primera planta de 2 habitaciones en La Ñora,"Este modelo de vivienda se encuentra en una primera planta y cuenta con 2 habitaciones, 2 baños ( 1 en suite), cocina independiente amueblada y semi-equipada y patio y terraza. Cuenta con garaje. Este modelo de vivienda es un bajo en un edificio de 3 plantas. Cuenta con 2 habitaciones ,1 cuarto de baño y una cocina independiente amueblada y semi-equipada. Cuenta con plaza de garaje. Fantástica promoción de viviendas en la Ñora distribuidas en un edificio de 3 plantas, donde podrás encontrar multitud de modelos de viviendas para escoger la que mas se adapte a sus necesidades. Esta promoción de viviendas se encuentra en una zona residencial, donde dispondrás de todos los servicios, ya que se encuentra a escasa distancia de Centros Comerciales, comercios, centros deportivos y distinto ocio. Sin olvidarnos de su cercanía al centro de salud de la Ñora. A escasos minutos de Murcia capital en coche, no dejes escapar esta fantástica oportunidad y contacta ya con nosotros para hacer tu visita ¡LLAMANOS!",,"2 habitaciones,Superficie 113 m,Balcón / Terraza 3 m,2 Baños,Cocina tipo office ,Trastero ","Plaza parking ,
                    ,
                        ,
                   
                "
"Apartamento / piso , , region , en La Ñora Murcia",195.000 €,"['135 m2', ' 3 hab.', '2 baños', '1.444 €/m2']","Apartamento / Piso en MURCIA, MURCIA, REGION DE MURCIA,",,,"3 habitaciones,Superficie 135 m,2 Baños,Trastero ","Plaza parking ,Aire acondicionado ,Año construcción 2007,
                    ,
Exento                   
                "
Piso en venta en La Ñora en La Ñora Murcia,95.400 €,"['142 m2', ' 3 hab.', '2 baños', '672 €/m2']",PISO EN VENTA EN LA ÑORA,"Vivienda piso en edificio de 4 plantas sobre rasante, con ascensor, en el municipio y provincia de Murcia. Tiene una superficie construida de 116,80 m² aproximadamente, según catastro. La población del entorno permanece estable a lo largo del año. Es una zona con desarrollo finalizado. El entorno dispone de los servicios mínimos (suministro de energía eléctrica, abastecimiento de agua, acceso rodado y evacuación de aguas residuales), encontrándose en buen estado de conservación. En cuanto al equipamiento: dispone de equipamiento deportivo, escolar, religioso, zonas de aparcamiento en superficie y zonas verdes. Las comunicaciones del entorno con el resto de la población son suficientes para las necesidades de la zona. Las comunicaciones interurbanas pueden considerarse buenas. Piso con salón, cocina, tres dormitorios, patio y dos baños.",,"3 habitaciones,Superficie 142 m,2 Baños","Plaza parking ,
                    ,
                        ,
                   
                "
Piso en La Ñora Murcia,68.100 €,"['79 m2', ' 3 hab.', '1 baño', '862 €/m2']",Distribución,"Casa a reformar a pie de calle. La vivienda tiene dos plantas con 3 dormitorios, 1 baño, sala de estar, cocina, patio y trastero.Las ventanas tienen rejas de seguridad.Acabados en aluminio y puertas de madera.Cerca de un parque infantil.Ven a visitarla sin compromiso. No cobramos comisión.",,"3 habitaciones,Superficie 79 m,1 Baño","Año construcción 1920,
                    ,
                        ,
                   
                "
Dúplex con 4 habitaciones con parking y piscina en Murcia,120.000 €,"['147 m2', ' 4 hab.', '3 baños', '816 €/m2']",Dúplex con 4 habitaciones con parking y piscina,"La vivienda es UNIFAMILIAR;del año 1991, tiene 128 m2UTILES Y 147 m2 CONSTRUIDOS, 2 PLANTAS. Magnifica viviendaunifamiliar situada en pleno corazón de LA ÑORA, la zona es inmejorable, cercade la Universidad Católica de Murcia. Vivienda de 4 dormitorios, 3 baños,cocina, salón 40 m2, porche, solárium, terraza, patio, piscina comunitaria,trastero y garaje. Situado en unas de la pedaníasmás demandas de Murcia se encuentra a un paso de la UCAM, Alcantarilla, conbuena comunicación con la Autovía y Murcia   NO DEJES ESCAPAR ESTAOPORTUNIDAD!!!!. Ven a visitarlo Ideal como inversión paravivir o para obtener una buena rentabilidad   (Fecha construcción: 1991)",,"4 habitaciones,Superficie 147 m,3 Baños,Cocina tipo office ",Plaza parking 
"Ático con 4 habitaciones amueblado con ascensor, parking, piscina y aire acondicionado en Murcia",300.000 €,"['200 m2', ' 4 hab.', '3 baños', '1.500 €/m2']","Ático con 4 habitaciones amueblado con ascensor, parking, piscina y aire acondicionado","Estupendo ático tipo dúplex de 4 dormitorios, situado en la urbanización El Portón de los Jerónimos. Todo tipo de comodidades. Grandes calidades de obra. Al lado de la UCAM (Universidad Católica de Murcia y cenca del Centro Comercial La Noria y del Mercadona.Cuenta con autobuses y tranvía de salida frecuente para dar servicio a la Universidad.Entorno ajardinado y arbolado. Totalmente vallado. Guarda de seguridad 24 horas y barrera de control de entrada de vehículos.El Ático cuenta con piscina, pista de paddle, club social privado con barbacoa grande y AA para que celebres tus eventos.La vivienda consta de 4 dormitorios amplios uno de ellos con baño en suite, tres terrazas grandes. Las vistas desde ella son impresionantes. Consta de 3 baños completos, salón muy amplio con chimenea y techos de 4 metros de altura. Cocina con lavadero.Calidades de lujo. Puerta de entrada de seguridad. Aire acondicionado por conductos y calefacción con caldera. 1 plaza de garaje grande. Consta de dos trasteros grandes. Uno junto a la plaza de garaje y el otro en la planta superior. Toda la vivienda está construida con calidades de lujo. Suelos de mármol y tarima de madera; puertas de vengué; Carpintería de aluminio negra; paredes con pintura lisa, etc.Si quiere vivir en un sitio de lujo, consulte con valor inmobiliario, le informaremos con todo lujo de detalle.",,"4 habitaciones,Superficie 200 m,3 Baños,Cocina tipo office ,Lavadero ,Trastero ","Plaza parking ,Amueblado ,Aire acondicionado ,
                    ,
                        ,
                   
                "
"Ático con 3 habitaciones con ascensor, parking, calefacción y aire acondicionado en Murcia",140.000 €,"['102 m2', ' 3 hab.', '2 baños', '1.373 €/m2']","Ático con 3 habitaciones con ascensor, parking, calefacción y aire acondicionado","¿Por qué vivir en Murcia cuando puedes hacerlo en una zona que te va a dar servicios y sobre todo calidad de vida?. Una zona tranquila, muy bien comunicada, muy cerca de la UCAM, en un entorno agradable. No te lo pienses, visita esta vivienda y juzga por ti mismo, ¿QUÉ PUEDES PERDER?Visita también nuestra página web, allureinmuebles.com",,"3 habitaciones,Superficie 102 m,Terraza 20 m,2 Baños,Cocina tipo office ,Trastero ","Calefacción ,Plaza parking ,Aire acondicionado ,Año construcción 2009,
                    ,
                        ,
                   
                "
Piso de 1 habitacion en muy buen estado en algezares en Murcia,51.000 €,"['62 m2', ' 1 hab.', '2 baños', '823 €/m2']",PISO DE 1 HABITACION EN MUY BUEN ESTADO EN ALGEZARES,"Piso de 1 habitación y 2 cuartos de baños en Algezares. Se encuentra en muy buen estado. Cuenta con cocina americana situada en el salón-comedor, como se puede ver esta equipada. La vivienda se encuentra en una 1ra planta y como se puede ver en las fotos su estado es de vivienda nueva. A destacar extras como: Terraza, armario empotrado, ascensor, etc... ¡No dudes mas y llamanos para visitar esta fantástica vivienda!",,"1 habitación,Superficie 62 m,Balcón / Terraza 3 m,2 Baños,Cocina tipo office ","
                    ,
                        ,
                   
                "
Piso oportunidad en La Ñora. en La Ñora Murcia,112.100 €,"['124 m2', ' 3 hab.', '2 baños', '904 €/m2']",Oportunidad en La Ñora.,"Te ofrecemos este magnifico piso en la Ñora cuenta con tres dormitorios, dos baños, salón-comedor y cocina, distribuidos en una superficie de 116.8 metros cuadrados útiles. Dispone de garaje y ascensor. Cercano a todos los servicios. Sin comisiones Financiación a su medida!!!consúltenos!!!",,"3 habitaciones,Superficie 124 m,1 Baño,1 Aseo","Plaza parking ,
                    ,
                        ,
                   
                "
Piso en La Ñora Murcia,87.500 €,"['84 m2', ' 2 hab.', '2 baños', '1.042 €/m2']",Distribución,"- No cobramos comisión al comprador.- Dúplex con Terraza en cubierta de 23 m2. En edificio del año 2012, con Ascensor. La vivienda se distribuye en 84 m2 construidos, dónde se encuentra: un amplio salón, cocina independiente, Lavadero, 2 dormitorios, una Buhardilla y 2 baños. El salón dispone de 20 m2 y cuenta con un gran ventanal de acceso a una coqueta Terraza exterior, descubierta, por lo que goza de luz natural durante el día. La cocina se encuentra para reformar, con posibilidad de crearla y diseñarla a medida. Posee de una salida a Galería-lavadero dónde, además, tiene ya instalado un Termo de agua. La buhardilla consta de un baño integrado de tres piezas, con plato de ducha, y de 2 accesos a Terrazas. Y la vivienda dispone de conductos de Aire Acondicionado. Muy bien ubicado, próximo a todo tipo de comercios, servicios, bancos, administraciones y a 2 minutos andando de una parada de autobús que tiene conexión hasta Murcia centro y Molina de Segura. De igual manera, a 5 minutos en coche se encuentra la Autovía del Mediterráneo, el Centro Comercial La Noria y la Universidad privada de Murcia. Llame ahora para conocer más información sobre la vivienda y concertar una visita. - No cobramos comisión al comprador.- - SE VENDE CON TÍTULO DE PROPIEDAD EN SUBSANACIÓN REGISTRAL",,"2 habitaciones,Superficie 84 m,2 Baños","Año construcción 2012,
                    ,
                        ,
                   
                "
Estudio a 14 min andando de la ucam!!! en La Ñora Murcia,37.900 €,"['23 m2', ' 1 hab.', '1 baño', '1.648 €/m2']",A 14 MIN ANDANDO DE LA UCAM!!!,"Disponemos de éste magníficio estudio de 23m2, dispone de una zona destinada a salón-dormitorio-cocina de 20m2, y baño completo con pie de ducha.Ideal para estudiante!!! Entre sus calidades destaca puerta principal blindada, carpintería de aluminio y ventanas con climalit, preinstalación aire acondicionado centralizado.Ubicado en primera planta del edificio, dispone de ascensor.No deje escapar ésta oportunidad e informese!!!0%COMISION AL COMPRADOR",,"1 habitación,Superficie 23 m,1 Baño","Calefacción ,Aire acondicionado ,Año construcción 2012,
                    ,
                        ,
                   
                "
"Ático con 4 habitaciones con ascensor, parking, calefacción y aire acondicionado en Murcia",298.000 €,"['200 m2', ' 4 hab.', '3 baños', '1.490 €/m2']","Ático con 4 habitaciones con ascensor, parking, calefacción y aire acondicionado","ESTUPENDO ÁTICO DÚPLEX EN URBANIZACIÓN PORTÓN DE LOS JERÓNIMOS. La vivienda está ubicada en un bonito entorno rodeada de jardines. Consta de estupendas calidades y es muy luminosa, tanto por las dos orientaciones, Sur y Norte, como por la cantidad de ventanas y luz natural ya que casi todas las dependencias de la vivienda son exteriores. Dispone de un bonito y amplio salón comedor a través del cual se accede a una amplia terraza de 25 metros con bonitas vistas. La cocina es de diseño y equipada y junto a ella encontramos un lavadero y despensa independiente. Cuenta con cuatro espaciosos dormitorios (dos de ellos con terrazas) , dos baños (uno dentro del dormitorio principal) y un aseo, además de tres armarios empotrados y un vestidor dentro de uno de los dormitorios, garaje y dos trasteros (uno junto al garaje y otro en una de las terrazas de la vivienda). Destacan las excelentes calidades de la vivienda con pintura lisa, pavimento de mármol en todas las zonas comunes y parquet de roble natural en dormitorios. Las terrazas tienen pavimento antideslizante y drenante. La carpintería exterior es de aluminio y doble acristalamiento, la interior es de madera wengué natural. Tiene calefacción e instalación de aire acondicionado en la planta inferior y preinstalación en la superior. Consta además de una amplia piscina comunitaria y pista de pádel. Una vivienda bien comunicada y muy cerca de Murcia.",,"4 habitaciones,Superficie 200 m,Terraza 44 m,2 Baños,1 Aseo,Cocina tipo office ,Lavadero ,Trastero ","Calefacción ,Plaza parking ,Aire acondicionado ,Año construcción 2007,
                    ,
                        ,
                   
                "
Ático en La Ñora Murcia,87.500 €,"['92 m2', ' 2 hab.', '2 baños', '951 €/m2']",Distribución,"Sobre una superficie total construida de 92m2 y muy céntrico en la zona, disponemos de éste magnífico ático. Se distribuye en planta baja en amplio salón con salida a balcón, cocina con salida a lavadero, baño completo con bañera, y dormitorio principal.En la planta superior dispone de buhardilla o segundo dormitorio, baño completo con pie de ducha, un patio ideal para zona de lavadero, y terraza con orientación levante.Ambas plantas se comunican entre sí mediante escalera de caracol.Muy luminoso. Dispone de ascensor hasta la planta inferior.No lo dude y visite ya!!!0%COMISION AL COMPRADOR",,"2 habitaciones,Superficie 92 m,2 Baños,Cocina tipo office ,Lavadero ","Calefacción ,Aire acondicionado ,Año construcción 2012,
                    ,
                        ,
                   
                "
Piso en La Ñora Murcia,83.000 €,"['64 m2', ' 2 hab.', '1 baño', '1.297 €/m2']",Distribución,"Excelente de oportunidad de adquirir éste maravilloso y céntrico piso en Javali-Viejo!!!Ubicado en primera planta del edificio y sobre una superficie útil de 64m2. Se distribuye en amplio y luminoso salón, cocina con salida a lavadero y patio interior de uso privado, baño completo, dormitorio principal con armario empotrado y salida a balcón, y un dormitorio individual. Dispone de ascensor y plaza de garaje. Entre sus calidades destaca puerta principal blindada, video portero, carpintería de roble, ventanas con climalit y persianas de aluminio, preinstalacion aire acondicionado centralizado.No lo dude y visite ya!!!0%COMISION AL COMPRADOR",,"2 habitaciones,Superficie 64 m,1 Baño,Lavadero ","Calefacción ,Aire acondicionado ,Año construcción 2008,
                    ,
                        ,
                   
                "
"Piso apartamento para entrar a vivir en La Ñora, . en Murcia",50.000 €,"['33 m2', ' 1 hab.', '1 baño', '1.515 €/m2']","Apartamento para entrar a vivir en La Ñora, Murcia.","Corporación Inmobiliaria Murcia vende acogedor apartamento en el centro de La Ñora, situado en una de sus mejores zonas. Goza de excelentes vistas despejadas en ubicación muy tranquila y agradable rodeada de servicios. Se trata de un apartamento todo exterior que consta de gran salón-comedor con cocina incorporada al mismo, totalmente amueblada y equipada con electrodomésticos, amplio y luminoso dormitorio, un baño completo y plaza de garaje en el mismo edificio incluida en el precio. Cuenta además con aire acondicionado con bomba de calor, armario empotrado de gran capacidad, suelo en gres cerámico, ventanas climalit y puerta blindada. Vivienda muy acogedora, luminosa, totalmente amueblada y lista para entrar a vivir. La población de La Ñora se encuentra muy cercana al campus universitario de la UCAM y de Espinardo, zona muy demandada por la tranquilidad y calidad de sus instalaciones, se encuentra muy bien comunicada con la capital mediante transporte público, a tan sólo unos minutos andando de la parada del tranvía y fácil acceso a la autovía. Corporación Inmobiliaria es una Agencia Inmobiliaria, especialista en la intermediación de compra-venta de inmuebles. Actualmente contamos con 8 Oficinas, tres de ellas en Murcia ciudad, Junterones, La Flota y San Bartolomé. Actualmente estamos implantados en Murcia capital, Lorca ciudad, Águilas, Costa de Orihuela y Costa de Almería además ponemos a su disposición una amplia cartera de viviendas de primera y segunda mano. Son veinticinco años de experiencia los que avalan nuestra profesionalidad y rigor en el desarrollo de nuestra actividad comercial",,"1 habitación,Superficie 33 m,1 Baño,Cocina tipo office ","Calefacción ,Plaza parking ,Aire acondicionado ,
                    ,
                        ,
                   
                "
Dúplex con 4 habitaciones con parking y piscina en Murcia,120.000 €,"['147 m2', ' 4 hab.', '3 baños', '816 €/m2']",Dúplex con 4 habitaciones con parking y piscina,"La vivienda es UNIFAMILIAR;del año 1991, tiene 128 m2UTILES Y 147 m2 CONSTRUIDOS, 2 PLANTAS. Magnifica viviendaunifamiliar situada en pleno corazón de LA ÑORA, la zona es inmejorable, cercade la Universidad Católica de Murcia. Vivienda de 4 dormitorios, 3 baños,cocina, salón 40 m2, porche, solárium, terraza, patio, piscina comunitaria,trastero y garaje. Situado en unas de la pedaníasmás demandas de Murcia se encuentra a un paso de la UCAM, Alcantarilla, conbuena comunicación con la Autovía y Murcia   NO DEJES ESCAPAR ESTAOPORTUNIDAD!!!!. Ven a visitarlo Ideal como inversión paravivir o para obtener una buena rentabilidad   (Fecha construcción: 1991)",,"4 habitaciones,Superficie 147 m,3 Baños,Cocina tipo office ",Plaza parking 
Ático atico 2 dormitorios terraza en planta La Ñora garaje y trastero en Murcia,99.999 €,"['131 m2', ' 2 hab.', '2 baños', '763 €/m2']",ATICO 2 DORMITORIOS TERRAZA EN PLANTA LA ÑORA GARAJE Y TRASTERO,"Les ofrecemos esta vivienda en la ÑORA, es un piso de 2 dormitorios con amplia TERRAZA EN PLANTA 2 baños completos con ventanas , cocina independiente y una terraza con acceso desde la cocina y el pasillo de la vivienda , la vivienda es una esquina muy luminosa y TODO EXTERIOR, garaje y trastero . El salón es una esquina con balcón muy luminosa y tranquilo. Es una vivienda de construcción 2007 *Por ultimo, te vamos a contar una cosa, los propietarios han confiado en nosotros y nos han contratado para que les ayudemos a vender uno sus bienes mas preciados, su casa, su hogar. Esto para ti como comprador, será una garantía ya que tendrás acceso a un servicio de calidad, un trato fácil, sencillo y sin interferencias de terceros. Por eso, te vamos a pedir un favor, habla con nosotros, no los molestes, te vamos a ayudar en caso de interés en todo el proceso con un AGENTE EXCLUSIVO ESPECIALIZADO EN COMPRADORES y te vamos a facilitar toda la documentación e información que precises. Como ya te habíamos dicho , ¡UN SERVICIO DE CALIDAD¡ Y si eres agente inmobiliario tienes algún cliente al que pueda interesar, llámanos, estaremos encantados de colaborar. El PVP indicado no incluye impuestos ni gastos de escritura. *Honorarios de agencia no incluidos. *Las superficies expresadas en esta pagina tiene carácter descriptivo y son aproximadas.* Los precios pueden ser susceptibles de modificación sin previo aviso.",,"2 habitaciones,Superficie 131 m,Terraza 25 m,2 Baños,Cocina tipo office ","Calefacción ,Plaza parking ,Aire acondicionado ,
                    ,
                        ,
                   
                "
Piso en La Ñora Murcia,153.600 €,"['59 m2', ' 1 hab.', '1 baño', '2.603 €/m2']",Distribución,"No cobramos comisión al comprador.- ¿Buscas comprar un edificio de viviendas en La Ñora? Te ofrecemos esta excelente oportunidad de adquirir en propiedad cinco de seis viviendas que componen este edificio (el anuncio corresponde a tres de ellas). Superficies entre 60m2 y 74m2. EL edificio requiere de una rehabilitación completa y está ubicado en la localidad de La Ñora, provincia de Murcia. ¿Te gustaría recibir más información sobre este piso? No dudes en ponerte en contacto con nosotros.",,"1 habitación,Superficie 59 m,1 Baño","Año construcción 2008,
                    ,
                        ,
                   
                "
"Piso en venta en calle amadores, en La Ñora Murcia",69.500 €,"['52 m2', ' 1 hab.', '1 baño', '1.337 €/m2']","Piso en venta en Calle AMADORES, Murcia","Gran oferta de Vivienda en , Murcia. Situado en Calle AMADORES 14, 1º B, dispone de una superficie de 52m2, 1 habitaciones.",,"1 habitación,Superficie 52 m,1 Baño","
                    ,
                        ,
                   
                "
"Ático con 4 habitaciones con ascensor, parking, aire acondicionado y vistas a la montaña en Murcia",285.000 €,"['200 m2', ' 4 hab.', '3 baños', '1.425 €/m2']","Ático con 4 habitaciones con ascensor, parking, aire acondicionado y vistas a la montaña","Magnífico ático en venta cerca de la Universidad UCAM, dentro de la conocida urbanización o el Portón de la Condesa en los Jerónimos.Este es un ático con excelentes vistas abiertas y mucha luz natural con vistas a la ciudad de Murcia y más allá.La propiedad consta de dos plantas. En la primera planta encontramos una cocina de muy buen tamaño con galería y lavadero, aseo de invitados, gran salón con acceso a una terraza privada con barbacoa y bonitas vistas abiertas. En la misma planta podemos encontrar el dormitorio principal con baño en suite.En la planta superior encontramos 3 dormitorios más, uno de ellos con terraza y vestidor, una terraza extra y trastero.La propiedad disfruta del uso de los jardines comunitarios, piscina y pista de padel.Una gran y única oportunidad de vivir cerca de la universidad UCAM y de Murcia.",,"4 habitaciones,Superficie 200 m,3 Baños,Cocina tipo office ,Lavadero ,Trastero ","Plaza parking ,Aire acondicionado ,Año construcción 2007,Vistas a la montaña ,
                    ,
                        ,
                   
                "
Ático en La Ñora Murcia,87.500 €,"['92 m2', ' 2 hab.', '2 baños', '951 €/m2']",Distribución,"Ático en venta en La Ñora,Altura piso 2º, ático superficie total 92 m², hab. individuales: 1, habitaciones dobles: 1, 2 baños, estado conservación: buen estado.",,"2 habitaciones,Superficie 92 m,1 Baño,1 Aseo,Lavadero ","Año construcción 2012,
                    ,
                        ,
                   
                "
Piso bajo de 2 habitaciones con patio en La Ñora en Murcia,77.000 €,"['100 m2', ' 2 hab.', '2 baños', '770 €/m2']",Piso bajo de 2 habitaciones con patio en La Ñora,"Este modelo de vivienda es un bajo de 2 habitaciones y 2 cuartos de baño ( 1 en suite). Cuenta con cocina independiente amueblada y semi-equipada y patio. Cuenta con plaza de garaje. Fantástica promoción de viviendas en la Ñora distribuidas en un edificio de 3 plantas, donde podrás encontrar multitud de modelos de viviendas para escoger la que mas se adapte a sus necesidades. Esta promoción de viviendas se encuentra en una zona residencial, donde dispondrás de todos los servicios, ya que se encuentra a escasa distancia de Centros Comerciales, comercios, centros deportivos y distinto ocio. Sin olvidarnos de su cercanía al centro de salud de la Ñora. A escasos minutos de Murcia capital en coche, no dejes escapar esta fantástica oportunidad y contacta ya con nosotros para hacer tu visita ¡LLAMANOS!",,"2 habitaciones,Superficie 100 m,2 Baños,Cocina tipo office ",Plaza parking 
